team_id,player_id,x_loc,y_loc,z_loc_x,game_clock,shot_clock,quarter_x,game_id_x,event_id,game_id_y,quarter_y,z_loc_y,calculated_peak_game_clock,recorded_game_clock,recorded_player_id,recorded_player_name,recorded_loc_x,recorded_loc_y,peak_shot_game_clock
-1,-1,69.29002,39.026759999999996,3.47015,63.26999999999998,2.22,1,21500547,6,21500547.0,1.0,3.4759050000000005,63.2,66.0,201609.0,Goran Dragic,191.0,149.0,64.3
1610612756,2199,85.76129,26.588359999999998,0.0,63.26999999999998,2.22,1,21500547,6,21500547.0,1.0,3.4759050000000005,63.2,66.0,201609.0,Goran Dragic,191.0,149.0,64.3
1610612756,200782,71.22986999999999,27.890940000000004,0.0,63.26999999999998,2.22,1,21500547,6,21500547.0,1.0,3.4759050000000005,63.2,66.0,201609.0,Goran Dragic,191.0,149.0,64.3
1610612756,202720,82.57238000000001,38.719390000000004,0.0,63.26999999999998,2.22,1,21500547,6,21500547.0,1.0,3.4759050000000005,63.2,66.0,201609.0,Goran Dragic,191.0,149.0,64.3
1610612756,202688,87.69138000000001,46.9279,0.0,63.26999999999998,2.22,1,21500547,6,21500547.0,1.0,3.4759050000000005,63.2,66.0,201609.0,Goran Dragic,191.0,149.0,64.3
1610612756,1626164,88.19801,23.28112,0.0,63.26999999999998,2.22,1,21500547,6,21500547.0,1.0,3.4759050000000005,63.2,66.0,201609.0,Goran Dragic,191.0,149.0,64.3
1610612748,2548,90.45139,34.833870000000005,0.0,63.26999999999998,2.22,1,21500547,6,21500547.0,1.0,3.4759050000000005,63.2,66.0,201609.0,Goran Dragic,191.0,149.0,64.3
1610612748,2547,86.26259,47.67677,0.0,63.26999999999998,2.22,1,21500547,6,21500547.0,1.0,3.4759050000000005,63.2,66.0,201609.0,Goran Dragic,191.0,149.0,64.3
1610612748,2736,61.92819,15.481370000000002,0.0,63.26999999999998,2.22,1,21500547,6,21500547.0,1.0,3.4759050000000005,63.2,66.0,201609.0,Goran Dragic,191.0,149.0,64.3
1610612748,201609,68.07333,38.794740000000004,0.0,63.26999999999998,2.22,1,21500547,6,21500547.0,1.0,3.4759050000000005,63.2,66.0,201609.0,Goran Dragic,191.0,149.0,64.3
1610612748,202355,82.55972,28.5785,0.0,63.26999999999998,2.22,1,21500547,6,21500547.0,1.0,3.4759050000000005,63.2,66.0,201609.0,Goran Dragic,191.0,149.0,64.3
-1,-1,86.89211,28.4232,2.95853,107.98000000000002,4.42,1,21500547,8,21500547.0,1.0,2.8930800000000003,107.9,110.0,202355.0,Hassan Whiteside,60.0,21.0,108.6
1610612756,2199,89.31196,26.432840000000002,0.0,107.98000000000002,4.42,1,21500547,8,21500547.0,1.0,2.8930800000000003,107.9,110.0,202355.0,Hassan Whiteside,60.0,21.0,108.6
1610612756,200782,85.85953,31.4718,0.0,107.98000000000002,4.42,1,21500547,8,21500547.0,1.0,2.8930800000000003,107.9,110.0,202355.0,Hassan Whiteside,60.0,21.0,108.6
1610612756,202720,85.50039,22.947329999999997,0.0,107.98000000000002,4.42,1,21500547,8,21500547.0,1.0,2.8930800000000003,107.9,110.0,202355.0,Hassan Whiteside,60.0,21.0,108.6
1610612756,202688,88.81066,18.96019,0.0,107.98000000000002,4.42,1,21500547,8,21500547.0,1.0,2.8930800000000003,107.9,110.0,202355.0,Hassan Whiteside,60.0,21.0,108.6
1610612756,1626164,81.87393,10.8025,0.0,107.98000000000002,4.42,1,21500547,8,21500547.0,1.0,2.8930800000000003,107.9,110.0,202355.0,Hassan Whiteside,60.0,21.0,108.6
1610612748,2548,82.31716999999999,3.59102,0.0,107.98000000000002,4.42,1,21500547,8,21500547.0,1.0,2.8930800000000003,107.9,110.0,202355.0,Hassan Whiteside,60.0,21.0,108.6
1610612748,2547,68.48572,23.33601,0.0,107.98000000000002,4.42,1,21500547,8,21500547.0,1.0,2.8930800000000003,107.9,110.0,202355.0,Hassan Whiteside,60.0,21.0,108.6
1610612748,2736,84.62172,48.45655,0.0,107.98000000000002,4.42,1,21500547,8,21500547.0,1.0,2.8930800000000003,107.9,110.0,202355.0,Hassan Whiteside,60.0,21.0,108.6
1610612748,201609,94.62911,28.48375,0.0,107.98000000000002,4.42,1,21500547,8,21500547.0,1.0,2.8930800000000003,107.9,110.0,202355.0,Hassan Whiteside,60.0,21.0,108.6
1610612748,202355,88.54854,28.273629999999997,0.0,107.98000000000002,4.42,1,21500547,8,21500547.0,1.0,2.8930800000000003,107.9,110.0,202355.0,Hassan Whiteside,60.0,21.0,108.6
-1,-1,86.57129,10.231589999999999,0.11037999999999999,141.89,3.26,1,21500547,12,21500547.0,1.0,0.14270000000000002,141.8,145.0,2548.0,Dwyane Wade,-173.0,11.0,143.0
1610612756,2199,88.34046,26.3752,0.0,141.89,3.26,1,21500547,12,21500547.0,1.0,0.14270000000000002,141.8,145.0,2548.0,Dwyane Wade,-173.0,11.0,143.0
1610612756,200782,87.53205,31.194490000000002,0.0,141.89,3.26,1,21500547,12,21500547.0,1.0,0.14270000000000002,141.8,145.0,2548.0,Dwyane Wade,-173.0,11.0,143.0
1610612756,202720,80.20434,29.29618,0.0,141.89,3.26,1,21500547,12,21500547.0,1.0,0.14270000000000002,141.8,145.0,2548.0,Dwyane Wade,-173.0,11.0,143.0
1610612756,202688,87.02977,12.92816,0.0,141.89,3.26,1,21500547,12,21500547.0,1.0,0.14270000000000002,141.8,145.0,2548.0,Dwyane Wade,-173.0,11.0,143.0
1610612756,1626164,75.23084,25.72588,0.0,141.89,3.26,1,21500547,12,21500547.0,1.0,0.14270000000000002,141.8,145.0,2548.0,Dwyane Wade,-173.0,11.0,143.0
1610612748,2548,87.17994,9.09197,0.0,141.89,3.26,1,21500547,12,21500547.0,1.0,0.14270000000000002,141.8,145.0,2548.0,Dwyane Wade,-173.0,11.0,143.0
1610612748,2547,72.97336,35.33421,0.0,141.89,3.26,1,21500547,12,21500547.0,1.0,0.14270000000000002,141.8,145.0,2548.0,Dwyane Wade,-173.0,11.0,143.0
1610612748,2736,84.3585,48.68504,0.0,141.89,3.26,1,21500547,12,21500547.0,1.0,0.14270000000000002,141.8,145.0,2548.0,Dwyane Wade,-173.0,11.0,143.0
1610612748,201609,65.83722,35.37593,0.0,141.89,3.26,1,21500547,12,21500547.0,1.0,0.14270000000000002,141.8,145.0,2548.0,Dwyane Wade,-173.0,11.0,143.0
1610612748,202355,89.99587,25.34052,0.0,141.89,3.26,1,21500547,12,21500547.0,1.0,0.14270000000000002,141.8,145.0,2548.0,Dwyane Wade,-173.0,11.0,143.0
-1,-1,68.91089000000001,37.67168,3.07213,177.79999999999995,7.78,1,21500547,15,21500547.0,1.0,2.9717700000000002,177.7,181.0,201609.0,Goran Dragic,217.0,134.0,178.8
1610612756,2199,86.10481,25.3228,0.0,177.79999999999995,7.78,1,21500547,15,21500547.0,1.0,2.9717700000000002,177.7,181.0,201609.0,Goran Dragic,217.0,134.0,178.8
1610612756,200782,85.98025,37.33299,0.0,177.79999999999995,7.78,1,21500547,15,21500547.0,1.0,2.9717700000000002,177.7,181.0,201609.0,Goran Dragic,217.0,134.0,178.8
1610612756,202720,72.97995,22.02072,0.0,177.79999999999995,7.78,1,21500547,15,21500547.0,1.0,2.9717700000000002,177.7,181.0,201609.0,Goran Dragic,217.0,134.0,178.8
1610612756,202688,72.30764,34.72918,0.0,177.79999999999995,7.78,1,21500547,15,21500547.0,1.0,2.9717700000000002,177.7,181.0,201609.0,Goran Dragic,217.0,134.0,178.8
1610612756,1626164,83.74682,10.829080000000001,0.0,177.79999999999995,7.78,1,21500547,15,21500547.0,1.0,2.9717700000000002,177.7,181.0,201609.0,Goran Dragic,217.0,134.0,178.8
1610612748,2548,84.66467,2.3856599999999997,0.0,177.79999999999995,7.78,1,21500547,15,21500547.0,1.0,2.9717700000000002,177.7,181.0,201609.0,Goran Dragic,217.0,134.0,178.8
1610612748,2547,65.36650999999999,15.572829999999998,0.0,177.79999999999995,7.78,1,21500547,15,21500547.0,1.0,2.9717700000000002,177.7,181.0,201609.0,Goran Dragic,217.0,134.0,178.8
1610612748,2736,87.94734,47.62781,0.0,177.79999999999995,7.78,1,21500547,15,21500547.0,1.0,2.9717700000000002,177.7,181.0,201609.0,Goran Dragic,217.0,134.0,178.8
1610612748,201609,67.5065,37.3343,0.0,177.79999999999995,7.78,1,21500547,15,21500547.0,1.0,2.9717700000000002,177.7,181.0,201609.0,Goran Dragic,217.0,134.0,178.8
1610612748,202355,85.14716999999999,24.068089999999998,0.0,177.79999999999995,7.78,1,21500547,15,21500547.0,1.0,2.9717700000000002,177.7,181.0,201609.0,Goran Dragic,217.0,134.0,178.8
-1,-1,24.49108,32.296820000000004,4.59777,396.2,0.83,1,21500547,53,21500547.0,1.0,3.03575,396.1,399.0,202688.0,Brandon Knight,-94.0,183.0,397.1
1610612756,2199,5.06234,17.747239999999998,0.0,396.2,0.83,1,21500547,53,21500547.0,1.0,3.03575,396.1,399.0,202688.0,Brandon Knight,-94.0,183.0,397.1
1610612756,200782,10.305539999999999,1.6381299999999999,0.0,396.2,0.83,1,21500547,53,21500547.0,1.0,3.03575,396.1,399.0,202688.0,Brandon Knight,-94.0,183.0,397.1
1610612756,202720,7.8261,48.34908,0.0,396.2,0.83,1,21500547,53,21500547.0,1.0,3.03575,396.1,399.0,202688.0,Brandon Knight,-94.0,183.0,397.1
1610612756,202688,25.929920000000003,32.94529,0.0,396.2,0.83,1,21500547,53,21500547.0,1.0,3.03575,396.1,399.0,202688.0,Brandon Knight,-94.0,183.0,397.1
1610612756,1626164,25.80997,6.4027400000000005,0.0,396.2,0.83,1,21500547,53,21500547.0,1.0,3.03575,396.1,399.0,202688.0,Brandon Knight,-94.0,183.0,397.1
1610612748,2548,9.06018,12.889489999999999,0.0,396.2,0.83,1,21500547,53,21500547.0,1.0,3.03575,396.1,399.0,202688.0,Brandon Knight,-94.0,183.0,397.1
1610612748,2736,9.5739,39.4357,0.0,396.2,0.83,1,21500547,53,21500547.0,1.0,3.03575,396.1,399.0,202688.0,Brandon Knight,-94.0,183.0,397.1
1610612748,201609,21.99941,32.22998,0.0,396.2,0.83,1,21500547,53,21500547.0,1.0,3.03575,396.1,399.0,202688.0,Brandon Knight,-94.0,183.0,397.1
1610612748,202355,5.43462,21.458370000000002,0.0,396.2,0.83,1,21500547,53,21500547.0,1.0,3.03575,396.1,399.0,202688.0,Brandon Knight,-94.0,183.0,397.1
1610612748,1626159,19.69876,19.14605,0.0,396.2,0.83,1,21500547,53,21500547.0,1.0,3.03575,396.1,399.0,202688.0,Brandon Knight,-94.0,183.0,397.1
-1,-1,82.92617,27.22767,2.22684,438.47,7.75,1,21500547,58,21500547.0,1.0,2.28345,438.4,441.0,2548.0,Dwyane Wade,27.0,26.0,439.3
1610612756,2199,85.35959,14.21389,0.0,438.47,7.75,1,21500547,58,21500547.0,1.0,2.28345,438.4,441.0,2548.0,Dwyane Wade,27.0,26.0,439.3
1610612756,200782,86.56756999999999,29.602629999999998,0.0,438.47,7.75,1,21500547,58,21500547.0,1.0,2.28345,438.4,441.0,2548.0,Dwyane Wade,27.0,26.0,439.3
1610612756,202720,71.65302,22.1466,0.0,438.47,7.75,1,21500547,58,21500547.0,1.0,2.28345,438.4,441.0,2548.0,Dwyane Wade,27.0,26.0,439.3
1610612756,202688,85.82595,12.03545,0.0,438.47,7.75,1,21500547,58,21500547.0,1.0,2.28345,438.4,441.0,2548.0,Dwyane Wade,27.0,26.0,439.3
1610612756,1626164,85.36616,29.57253,0.0,438.47,7.75,1,21500547,58,21500547.0,1.0,2.28345,438.4,441.0,2548.0,Dwyane Wade,27.0,26.0,439.3
1610612748,2548,83.5237,28.215159999999997,0.0,438.47,7.75,1,21500547,58,21500547.0,1.0,2.28345,438.4,441.0,2548.0,Dwyane Wade,27.0,26.0,439.3
1610612748,2736,60.525830000000006,21.4077,0.0,438.47,7.75,1,21500547,58,21500547.0,1.0,2.28345,438.4,441.0,2548.0,Dwyane Wade,27.0,26.0,439.3
1610612748,201609,82.42307,2.15708,0.0,438.47,7.75,1,21500547,58,21500547.0,1.0,2.28345,438.4,441.0,2548.0,Dwyane Wade,27.0,26.0,439.3
1610612748,202355,85.35959,14.21389,0.0,438.47,7.75,1,21500547,58,21500547.0,1.0,2.28345,438.4,441.0,2548.0,Dwyane Wade,27.0,26.0,439.3
1610612748,1626159,88.54831,17.179389999999998,0.0,438.47,7.75,1,21500547,58,21500547.0,1.0,2.28345,438.4,441.0,2548.0,Dwyane Wade,27.0,26.0,439.3
-1,-1,7.676260000000001,45.562020000000004,5.439080000000001,450.08,21.26,1,21500547,61,21500547.0,1.0,2.4719709401709404,450.0,453.0,202688.0,Brandon Knight,-225.0,-15.0,451.1
1610612756,2199,20.411839999999998,18.48256,0.0,450.08,21.26,1,21500547,61,21500547.0,1.0,2.4719709401709404,450.0,453.0,202688.0,Brandon Knight,-225.0,-15.0,451.1
1610612756,200782,20.85503,49.39208,0.0,450.08,21.26,1,21500547,61,21500547.0,1.0,2.4719709401709404,450.0,453.0,202688.0,Brandon Knight,-225.0,-15.0,451.1
1610612756,202720,10.59525,33.65395,0.0,450.08,21.26,1,21500547,61,21500547.0,1.0,2.4719709401709404,450.0,453.0,202688.0,Brandon Knight,-225.0,-15.0,451.1
1610612756,202688,6.3518099999999995,46.903459999999995,0.0,450.08,21.26,1,21500547,61,21500547.0,1.0,2.4719709401709404,450.0,453.0,202688.0,Brandon Knight,-225.0,-15.0,451.1
1610612756,203462,4.05502,2.17843,0.0,450.08,21.26,1,21500547,61,21500547.0,1.0,2.4719709401709404,450.0,453.0,202688.0,Brandon Knight,-225.0,-15.0,451.1
1610612748,2548,6.34898,10.76538,0.0,450.08,21.26,1,21500547,61,21500547.0,1.0,2.4719709401709404,450.0,453.0,202688.0,Brandon Knight,-225.0,-15.0,451.1
1610612748,2736,9.01037,31.65682,0.0,450.08,21.26,1,21500547,61,21500547.0,1.0,2.4719709401709404,450.0,453.0,202688.0,Brandon Knight,-225.0,-15.0,451.1
1610612748,201609,11.255289999999999,37.56582,0.0,450.08,21.26,1,21500547,61,21500547.0,1.0,2.4719709401709404,450.0,453.0,202688.0,Brandon Knight,-225.0,-15.0,451.1
1610612748,202355,14.9951,20.41535,0.0,450.08,21.26,1,21500547,61,21500547.0,1.0,2.4719709401709404,450.0,453.0,202688.0,Brandon Knight,-225.0,-15.0,451.1
1610612748,1626159,18.79887,44.0009,0.0,450.08,21.26,1,21500547,61,21500547.0,1.0,2.4719709401709404,450.0,453.0,202688.0,Brandon Knight,-225.0,-15.0,451.1
-1,-1,88.31111,22.749979999999997,5.72532,635.19,10.42,1,21500547,104,21500547.0,1.0,5.4576400000000005,635.1,638.0,1626159.0,Justise Winslow,-30.0,46.0,635.7
1610612756,200782,68.21254,18.30085,0.0,635.19,10.42,1,21500547,104,21500547.0,1.0,5.4576400000000005,635.1,638.0,1626159.0,Justise Winslow,-30.0,46.0,635.7
1610612756,202720,84.07174,21.90475,0.0,635.19,10.42,1,21500547,104,21500547.0,1.0,5.4576400000000005,635.1,638.0,1626159.0,Justise Winslow,-30.0,46.0,635.7
1610612756,203458,84.11678,24.4226,0.0,635.19,10.42,1,21500547,104,21500547.0,1.0,5.4576400000000005,635.1,638.0,1626159.0,Justise Winslow,-30.0,46.0,635.7
1610612756,203933,80.83861999999999,28.036990000000003,0.0,635.19,10.42,1,21500547,104,21500547.0,1.0,5.4576400000000005,635.1,638.0,1626159.0,Justise Winslow,-30.0,46.0,635.7
1610612756,203462,83.88918000000001,17.78594,0.0,635.19,10.42,1,21500547,104,21500547.0,1.0,5.4576400000000005,635.1,638.0,1626159.0,Justise Winslow,-30.0,46.0,635.7
1610612748,2405,87.34544,31.32293,0.0,635.19,10.42,1,21500547,104,21500547.0,1.0,5.4576400000000005,635.1,638.0,1626159.0,Justise Winslow,-30.0,46.0,635.7
1610612748,2547,79.65132,18.46313,0.0,635.19,10.42,1,21500547,104,21500547.0,1.0,5.4576400000000005,635.1,638.0,1626159.0,Justise Winslow,-30.0,46.0,635.7
1610612748,101123,58.97192,22.70168,0.0,635.19,10.42,1,21500547,104,21500547.0,1.0,5.4576400000000005,635.1,638.0,1626159.0,Justise Winslow,-30.0,46.0,635.7
1610612748,204020,71.37724,8.53317,0.0,635.19,10.42,1,21500547,104,21500547.0,1.0,5.4576400000000005,635.1,638.0,1626159.0,Justise Winslow,-30.0,46.0,635.7
1610612748,1626159,87.32524000000001,21.9533,0.0,635.19,10.42,1,21500547,104,21500547.0,1.0,5.4576400000000005,635.1,638.0,1626159.0,Justise Winslow,-30.0,46.0,635.7
-1,-1,12.59699,0.76372,0.80283,660.3,2.6,1,21500547,109,21500547.0,1.0,0.50834,660.2,661.0,203462.0,Archie Goodwin,17.0,26.0,660.9
1610612756,200782,14.931560000000001,1.9023599999999998,0.0,660.3,2.6,1,21500547,109,21500547.0,1.0,0.50834,660.2,661.0,203462.0,Archie Goodwin,17.0,26.0,660.9
1610612756,202720,6.75794,16.55922,0.0,660.3,2.6,1,21500547,109,21500547.0,1.0,0.50834,660.2,661.0,203462.0,Archie Goodwin,17.0,26.0,660.9
1610612756,203458,8.09886,31.68342,0.0,660.3,2.6,1,21500547,109,21500547.0,1.0,0.50834,660.2,661.0,203462.0,Archie Goodwin,17.0,26.0,660.9
1610612756,203933,23.784029999999998,42.72745,0.0,660.3,2.6,1,21500547,109,21500547.0,1.0,0.50834,660.2,661.0,203462.0,Archie Goodwin,17.0,26.0,660.9
1610612756,203462,35.65739,15.54459,0.0,660.3,2.6,1,21500547,109,21500547.0,1.0,0.50834,660.2,661.0,203462.0,Archie Goodwin,17.0,26.0,660.9
1610612748,2405,8.14283,32.04567,0.0,660.3,2.6,1,21500547,109,21500547.0,1.0,0.50834,660.2,661.0,203462.0,Archie Goodwin,17.0,26.0,660.9
1610612748,2547,16.543860000000002,33.96027,0.0,660.3,2.6,1,21500547,109,21500547.0,1.0,0.50834,660.2,661.0,203462.0,Archie Goodwin,17.0,26.0,660.9
1610612748,101123,14.92653,4.12485,0.0,660.3,2.6,1,21500547,109,21500547.0,1.0,0.50834,660.2,661.0,203462.0,Archie Goodwin,17.0,26.0,660.9
1610612748,204020,27.66585,20.04632,0.0,660.3,2.6,1,21500547,109,21500547.0,1.0,0.50834,660.2,661.0,203462.0,Archie Goodwin,17.0,26.0,660.9
1610612748,1626159,9.03835,14.22357,0.0,660.3,2.6,1,21500547,109,21500547.0,1.0,0.50834,660.2,661.0,203462.0,Archie Goodwin,17.0,26.0,660.9
-1,-1,12.59699,0.76372,0.80283,660.3,2.6,1,21500547,111,21500547.0,1.0,0.50834,660.2,665.0,200782.0,PJ Tucker,210.0,115.0,661.8
1610612756,200782,14.931560000000001,1.9023599999999998,0.0,660.3,2.6,1,21500547,111,21500547.0,1.0,0.50834,660.2,665.0,200782.0,PJ Tucker,210.0,115.0,661.8
1610612756,202720,6.75794,16.55922,0.0,660.3,2.6,1,21500547,111,21500547.0,1.0,0.50834,660.2,665.0,200782.0,PJ Tucker,210.0,115.0,661.8
1610612756,203458,8.09886,31.68342,0.0,660.3,2.6,1,21500547,111,21500547.0,1.0,0.50834,660.2,665.0,200782.0,PJ Tucker,210.0,115.0,661.8
1610612756,203933,23.784029999999998,42.72745,0.0,660.3,2.6,1,21500547,111,21500547.0,1.0,0.50834,660.2,665.0,200782.0,PJ Tucker,210.0,115.0,661.8
1610612756,203462,35.65739,15.54459,0.0,660.3,2.6,1,21500547,111,21500547.0,1.0,0.50834,660.2,665.0,200782.0,PJ Tucker,210.0,115.0,661.8
1610612748,2405,8.14283,32.04567,0.0,660.3,2.6,1,21500547,111,21500547.0,1.0,0.50834,660.2,665.0,200782.0,PJ Tucker,210.0,115.0,661.8
1610612748,2547,16.543860000000002,33.96027,0.0,660.3,2.6,1,21500547,111,21500547.0,1.0,0.50834,660.2,665.0,200782.0,PJ Tucker,210.0,115.0,661.8
1610612748,101123,14.92653,4.12485,0.0,660.3,2.6,1,21500547,111,21500547.0,1.0,0.50834,660.2,665.0,200782.0,PJ Tucker,210.0,115.0,661.8
1610612748,204020,27.66585,20.04632,0.0,660.3,2.6,1,21500547,111,21500547.0,1.0,0.50834,660.2,665.0,200782.0,PJ Tucker,210.0,115.0,661.8
1610612748,1626159,9.03835,14.22357,0.0,660.3,2.6,1,21500547,111,21500547.0,1.0,0.50834,660.2,665.0,200782.0,PJ Tucker,210.0,115.0,661.8
-1,-1,13.61595,31.368859999999998,3.93385,719.3,,1,21500547,123,21500547.0,1.0,3.83463,719.2,720.0,202688.0,Brandon Knight,-102.0,41.0,719.9
1610612756,200782,8.23201,48.08717,0.0,719.3,,1,21500547,123,21500547.0,1.0,3.83463,719.2,720.0,202688.0,Brandon Knight,-102.0,41.0,719.9
1610612756,202720,6.2424599999999995,22.285220000000002,0.0,719.3,,1,21500547,123,21500547.0,1.0,3.83463,719.2,720.0,202688.0,Brandon Knight,-102.0,41.0,719.9
1610612756,202688,15.318229999999998,30.430359999999997,0.0,719.3,,1,21500547,123,21500547.0,1.0,3.83463,719.2,720.0,202688.0,Brandon Knight,-102.0,41.0,719.9
1610612756,203933,22.178639999999998,47.60909,0.0,719.3,,1,21500547,123,21500547.0,1.0,3.83463,719.2,720.0,202688.0,Brandon Knight,-102.0,41.0,719.9
1610612756,1626164,26.350609999999996,6.17405,0.0,719.3,,1,21500547,123,21500547.0,1.0,3.83463,719.2,720.0,202688.0,Brandon Knight,-102.0,41.0,719.9
1610612748,2547,7.27923,35.42579,0.0,719.3,,1,21500547,123,21500547.0,1.0,3.83463,719.2,720.0,202688.0,Brandon Knight,-102.0,41.0,719.9
1610612748,2736,7.20477,23.14876,0.0,719.3,,1,21500547,123,21500547.0,1.0,3.83463,719.2,720.0,202688.0,Brandon Knight,-102.0,41.0,719.9
1610612748,101123,20.955679999999997,14.06657,0.0,719.3,,1,21500547,123,21500547.0,1.0,3.83463,719.2,720.0,202688.0,Brandon Knight,-102.0,41.0,719.9
1610612748,204020,94.74974,-1.02767,0.0,719.3,,1,21500547,123,21500547.0,1.0,3.83463,719.2,720.0,202688.0,Brandon Knight,-102.0,41.0,719.9
1610612748,1626159,18.67845,32.424859999999995,0.0,719.3,,1,21500547,123,21500547.0,1.0,3.83463,719.2,720.0,202688.0,Brandon Knight,-102.0,41.0,719.9
-1,-1,10.57905,41.37089,1.8078,874.19,18.51,2,21500547,146,21500547.0,2.0,1.4940600000000002,874.1,878.0,203933.0,TJ Warren,-145.0,-1.0,875.3
1610612756,202693,13.395470000000001,9.78558,0.0,874.19,18.51,2,21500547,146,21500547.0,2.0,1.4940600000000002,874.1,878.0,203933.0,TJ Warren,-145.0,-1.0,875.3
1610612756,203458,9.3568,33.1306,0.0,874.19,18.51,2,21500547,146,21500547.0,2.0,1.4940600000000002,874.1,878.0,203933.0,TJ Warren,-145.0,-1.0,875.3
1610612756,203933,12.04866,41.47188,0.0,874.19,18.51,2,21500547,146,21500547.0,2.0,1.4940600000000002,874.1,878.0,203933.0,TJ Warren,-145.0,-1.0,875.3
1610612756,203462,24.31019,12.61858,0.0,874.19,18.51,2,21500547,146,21500547.0,2.0,1.4940600000000002,874.1,878.0,203933.0,TJ Warren,-145.0,-1.0,875.3
1610612756,1626164,34.54003,25.96122,0.0,874.19,18.51,2,21500547,146,21500547.0,2.0,1.4940600000000002,874.1,878.0,203933.0,TJ Warren,-145.0,-1.0,875.3
1610612748,2405,7.9131800000000005,31.82992,0.0,874.19,18.51,2,21500547,146,21500547.0,2.0,1.4940600000000002,874.1,878.0,203933.0,TJ Warren,-145.0,-1.0,875.3
1610612748,2547,8.95088,17.66741,0.0,874.19,18.51,2,21500547,146,21500547.0,2.0,1.4940600000000002,874.1,878.0,203933.0,TJ Warren,-145.0,-1.0,875.3
1610612748,101123,24.86046,27.332390000000004,0.0,874.19,18.51,2,21500547,146,21500547.0,2.0,1.4940600000000002,874.1,878.0,203933.0,TJ Warren,-145.0,-1.0,875.3
1610612748,204020,18.17031,18.29116,0.0,874.19,18.51,2,21500547,146,21500547.0,2.0,1.4940600000000002,874.1,878.0,203933.0,TJ Warren,-145.0,-1.0,875.3
1610612748,1626159,13.294579999999998,39.241479999999996,0.0,874.19,18.51,2,21500547,146,21500547.0,2.0,1.4940600000000002,874.1,878.0,203933.0,TJ Warren,-145.0,-1.0,875.3
-1,-1,16.60649,25.429679999999998,3.15466,1219.37,4.42,2,21500547,213,21500547.0,2.0,3.216335,1219.3,1222.0,202688.0,Brandon Knight,-12.0,124.0,1220.3
1610612756,2199,5.90736,21.6748,0.0,1219.37,4.42,2,21500547,213,21500547.0,2.0,3.216335,1219.3,1222.0,202688.0,Brandon Knight,-12.0,124.0,1220.3
1610612756,200782,8.982610000000001,48.80001,0.0,1219.37,4.42,2,21500547,213,21500547.0,2.0,3.216335,1219.3,1222.0,202688.0,Brandon Knight,-12.0,124.0,1220.3
1610612756,202688,16.31265,24.504,0.0,1219.37,4.42,2,21500547,213,21500547.0,2.0,3.216335,1219.3,1222.0,202688.0,Brandon Knight,-12.0,124.0,1220.3
1610612756,203141,31.285140000000002,19.60867,0.0,1219.37,4.42,2,21500547,213,21500547.0,2.0,3.216335,1219.3,1222.0,202688.0,Brandon Knight,-12.0,124.0,1220.3
1610612756,203933,20.90614,5.85588,0.0,1219.37,4.42,2,21500547,213,21500547.0,2.0,3.216335,1219.3,1222.0,202688.0,Brandon Knight,-12.0,124.0,1220.3
1610612748,2548,13.83567,14.14429,0.0,1219.37,4.42,2,21500547,213,21500547.0,2.0,3.216335,1219.3,1222.0,202688.0,Brandon Knight,-12.0,124.0,1220.3
1610612748,2736,11.07509,24.26889,0.0,1219.37,4.42,2,21500547,213,21500547.0,2.0,3.216335,1219.3,1222.0,202688.0,Brandon Knight,-12.0,124.0,1220.3
1610612748,101123,9.68362,36.23745,0.0,1219.37,4.42,2,21500547,213,21500547.0,2.0,3.216335,1219.3,1222.0,202688.0,Brandon Knight,-12.0,124.0,1220.3
1610612748,201609,24.52712,21.6784,0.0,1219.37,4.42,2,21500547,213,21500547.0,2.0,3.216335,1219.3,1222.0,202688.0,Brandon Knight,-12.0,124.0,1220.3
1610612748,202355,5.95825,23.433410000000002,0.0,1219.37,4.42,2,21500547,213,21500547.0,2.0,3.216335,1219.3,1222.0,202688.0,Brandon Knight,-12.0,124.0,1220.3
-1,-1,19.44632,28.90677,4.6144,1574.78,4.5,3,21500547,281,21500547.0,3.0,4.195103333333333,1574.7,1577.0,2736.0,Luol Deng,-34.0,70.0,1575.8
1610612756,2199,8.75807,27.52021,0.0,1574.78,4.5,3,21500547,281,21500547.0,3.0,4.195103333333333,1574.7,1577.0,2736.0,Luol Deng,-34.0,70.0,1575.8
1610612756,200782,19.74442,33.182190000000006,0.0,1574.78,4.5,3,21500547,281,21500547.0,3.0,4.195103333333333,1574.7,1577.0,2736.0,Luol Deng,-34.0,70.0,1575.8
1610612756,202720,10.85718,36.7895,0.0,1574.78,4.5,3,21500547,281,21500547.0,3.0,4.195103333333333,1574.7,1577.0,2736.0,Luol Deng,-34.0,70.0,1575.8
1610612756,202688,18.37785,24.06259,0.0,1574.78,4.5,3,21500547,281,21500547.0,3.0,4.195103333333333,1574.7,1577.0,2736.0,Luol Deng,-34.0,70.0,1575.8
1610612756,1626164,10.670819999999999,14.393379999999999,0.0,1574.78,4.5,3,21500547,281,21500547.0,3.0,4.195103333333333,1574.7,1577.0,2736.0,Luol Deng,-34.0,70.0,1575.8
1610612748,2548,15.33598,2.20195,0.0,1574.78,4.5,3,21500547,281,21500547.0,3.0,4.195103333333333,1574.7,1577.0,2736.0,Luol Deng,-34.0,70.0,1575.8
1610612748,2547,9.77885,47.54094,0.0,1574.78,4.5,3,21500547,281,21500547.0,3.0,4.195103333333333,1574.7,1577.0,2736.0,Luol Deng,-34.0,70.0,1575.8
1610612748,2736,20.2463,30.34682,0.0,1574.78,4.5,3,21500547,281,21500547.0,3.0,4.195103333333333,1574.7,1577.0,2736.0,Luol Deng,-34.0,70.0,1575.8
1610612748,201609,28.48599,16.3728,0.0,1574.78,4.5,3,21500547,281,21500547.0,3.0,4.195103333333333,1574.7,1577.0,2736.0,Luol Deng,-34.0,70.0,1575.8
1610612748,202355,7.5991,32.90333,0.0,1574.78,4.5,3,21500547,281,21500547.0,3.0,4.195103333333333,1574.7,1577.0,2736.0,Luol Deng,-34.0,70.0,1575.8
-1,-1,22.532420000000002,18.07675,4.43762,1615.0900000000001,1.65,3,21500547,287,21500547.0,3.0,4.30266,1615.0,1618.0,2547.0,Chris Bosh,43.0,170.0,1616.1
1610612756,2199,8.63092,30.40415,0.0,1615.0900000000001,1.65,3,21500547,287,21500547.0,3.0,4.30266,1615.0,1618.0,2547.0,Chris Bosh,43.0,170.0,1616.1
1610612756,200782,17.234579999999998,34.26937,0.0,1615.0900000000001,1.65,3,21500547,287,21500547.0,3.0,4.30266,1615.0,1618.0,2547.0,Chris Bosh,43.0,170.0,1616.1
1610612756,202720,18.828039999999998,20.709570000000003,0.0,1615.0900000000001,1.65,3,21500547,287,21500547.0,3.0,4.30266,1615.0,1618.0,2547.0,Chris Bosh,43.0,170.0,1616.1
1610612756,202688,8.93645,40.164770000000004,0.0,1615.0900000000001,1.65,3,21500547,287,21500547.0,3.0,4.30266,1615.0,1618.0,2547.0,Chris Bosh,43.0,170.0,1616.1
1610612756,1626164,23.78314,16.483439999999998,0.0,1615.0900000000001,1.65,3,21500547,287,21500547.0,3.0,4.30266,1615.0,1618.0,2547.0,Chris Bosh,43.0,170.0,1616.1
1610612748,2548,39.91176,14.860439999999999,0.0,1615.0900000000001,1.65,3,21500547,287,21500547.0,3.0,4.30266,1615.0,1618.0,2547.0,Chris Bosh,43.0,170.0,1616.1
1610612748,2547,24.02891,19.4503,0.0,1615.0900000000001,1.65,3,21500547,287,21500547.0,3.0,4.30266,1615.0,1618.0,2547.0,Chris Bosh,43.0,170.0,1616.1
1610612748,2736,23.1971,43.977940000000004,0.0,1615.0900000000001,1.65,3,21500547,287,21500547.0,3.0,4.30266,1615.0,1618.0,2547.0,Chris Bosh,43.0,170.0,1616.1
1610612748,201609,14.618820000000001,48.007979999999996,0.0,1615.0900000000001,1.65,3,21500547,287,21500547.0,3.0,4.30266,1615.0,1618.0,2547.0,Chris Bosh,43.0,170.0,1616.1
1610612748,202355,11.799439999999999,32.46452,0.0,1615.0900000000001,1.65,3,21500547,287,21500547.0,3.0,4.30266,1615.0,1618.0,2547.0,Chris Bosh,43.0,170.0,1616.1
-1,-1,14.241320000000002,39.99872,0.12983,1667.17,5.82,3,21500547,303,21500547.0,3.0,0.14685499999999999,1667.1,1670.0,2548.0,Dwyane Wade,-145.0,120.0,1668.7
1610612756,2199,9.13181,23.387179999999997,0.0,1667.17,5.82,3,21500547,303,21500547.0,3.0,0.14685499999999999,1667.1,1670.0,2548.0,Dwyane Wade,-145.0,120.0,1668.7
1610612756,200782,14.54911,38.07219,0.0,1667.17,5.82,3,21500547,303,21500547.0,3.0,0.14685499999999999,1667.1,1670.0,2548.0,Dwyane Wade,-145.0,120.0,1668.7
1610612756,202720,6.0411,21.36241,0.0,1667.17,5.82,3,21500547,303,21500547.0,3.0,0.14685499999999999,1667.1,1670.0,2548.0,Dwyane Wade,-145.0,120.0,1668.7
1610612756,202688,20.55291,23.82314,0.0,1667.17,5.82,3,21500547,303,21500547.0,3.0,0.14685499999999999,1667.1,1670.0,2548.0,Dwyane Wade,-145.0,120.0,1668.7
1610612756,1626164,9.76366,16.11636,0.0,1667.17,5.82,3,21500547,303,21500547.0,3.0,0.14685499999999999,1667.1,1670.0,2548.0,Dwyane Wade,-145.0,120.0,1668.7
1610612748,2548,15.649779999999998,39.569520000000004,0.0,1667.17,5.82,3,21500547,303,21500547.0,3.0,0.14685499999999999,1667.1,1670.0,2548.0,Dwyane Wade,-145.0,120.0,1668.7
1610612748,2547,5.4596800000000005,5.38005,0.0,1667.17,5.82,3,21500547,303,21500547.0,3.0,0.14685499999999999,1667.1,1670.0,2548.0,Dwyane Wade,-145.0,120.0,1668.7
1610612748,2736,7.0442100000000005,12.46482,0.0,1667.17,5.82,3,21500547,303,21500547.0,3.0,0.14685499999999999,1667.1,1670.0,2548.0,Dwyane Wade,-145.0,120.0,1668.7
1610612748,201609,27.912329999999997,12.657969999999999,0.0,1667.17,5.82,3,21500547,303,21500547.0,3.0,0.14685499999999999,1667.1,1670.0,2548.0,Dwyane Wade,-145.0,120.0,1668.7
1610612748,202355,9.385489999999999,21.29739,0.0,1667.17,5.82,3,21500547,303,21500547.0,3.0,0.14685499999999999,1667.1,1670.0,2548.0,Dwyane Wade,-145.0,120.0,1668.7
-1,-1,75.34905,19.15977,1.44792,1687.79,23.61,3,21500547,304,21500547.0,3.0,0.9272233333333334,1687.7,1688.0,202688.0,Brandon Knight,48.0,121.0,1687.9
1610612756,2199,30.83261,20.3867,0.0,1687.79,23.61,3,21500547,304,21500547.0,3.0,0.9272233333333334,1687.7,1688.0,202688.0,Brandon Knight,48.0,121.0,1687.9
1610612756,200782,28.51217,26.257170000000002,0.0,1687.79,23.61,3,21500547,304,21500547.0,3.0,0.9272233333333334,1687.7,1688.0,202688.0,Brandon Knight,48.0,121.0,1687.9
1610612756,202720,38.51517,27.131459999999997,0.0,1687.79,23.61,3,21500547,304,21500547.0,3.0,0.9272233333333334,1687.7,1688.0,202688.0,Brandon Knight,48.0,121.0,1687.9
1610612756,202688,36.605340000000005,23.21671,0.0,1687.79,23.61,3,21500547,304,21500547.0,3.0,0.9272233333333334,1687.7,1688.0,202688.0,Brandon Knight,48.0,121.0,1687.9
1610612756,1626164,24.052789999999998,35.34168,0.0,1687.79,23.61,3,21500547,304,21500547.0,3.0,0.9272233333333334,1687.7,1688.0,202688.0,Brandon Knight,48.0,121.0,1687.9
1610612748,2548,30.21054,43.7607,0.0,1687.79,23.61,3,21500547,304,21500547.0,3.0,0.9272233333333334,1687.7,1688.0,202688.0,Brandon Knight,48.0,121.0,1687.9
1610612748,2547,80.98508000000001,27.20983,0.0,1687.79,23.61,3,21500547,304,21500547.0,3.0,0.9272233333333334,1687.7,1688.0,202688.0,Brandon Knight,48.0,121.0,1687.9
1610612748,2736,33.56174,8.804780000000001,0.0,1687.79,23.61,3,21500547,304,21500547.0,3.0,0.9272233333333334,1687.7,1688.0,202688.0,Brandon Knight,48.0,121.0,1687.9
1610612748,201609,76.59985999999999,20.093239999999998,0.0,1687.79,23.61,3,21500547,304,21500547.0,3.0,0.9272233333333334,1687.7,1688.0,202688.0,Brandon Knight,48.0,121.0,1687.9
1610612748,202355,40.5937,20.11262,0.0,1687.79,23.61,3,21500547,304,21500547.0,3.0,0.9272233333333334,1687.7,1688.0,202688.0,Brandon Knight,48.0,121.0,1687.9
-1,-1,63.46286,18.283820000000002,2.77992,1733.96,16.36,3,21500547,311,21500547.0,3.0,2.8660050000000004,1733.9,1737.0,202688.0,Brandon Knight,-120.0,218.0,1735.1
1610612756,2199,58.6051,22.0401,0.0,1733.96,16.36,3,21500547,311,21500547.0,3.0,2.8660050000000004,1733.9,1737.0,202688.0,Brandon Knight,-120.0,218.0,1735.1
1610612756,200782,92.22554000000001,28.07232,0.0,1733.96,16.36,3,21500547,311,21500547.0,3.0,2.8660050000000004,1733.9,1737.0,202688.0,Brandon Knight,-120.0,218.0,1735.1
1610612756,202720,70.51061999999999,43.98537,0.0,1733.96,16.36,3,21500547,311,21500547.0,3.0,2.8660050000000004,1733.9,1737.0,202688.0,Brandon Knight,-120.0,218.0,1735.1
1610612756,202688,62.296040000000005,18.3474,0.0,1733.96,16.36,3,21500547,311,21500547.0,3.0,2.8660050000000004,1733.9,1737.0,202688.0,Brandon Knight,-120.0,218.0,1735.1
1610612756,1626164,83.22955999999999,2.34217,0.0,1733.96,16.36,3,21500547,311,21500547.0,3.0,2.8660050000000004,1733.9,1737.0,202688.0,Brandon Knight,-120.0,218.0,1735.1
1610612748,2548,90.15475,29.30398,0.0,1733.96,16.36,3,21500547,311,21500547.0,3.0,2.8660050000000004,1733.9,1737.0,202688.0,Brandon Knight,-120.0,218.0,1735.1
1610612748,2547,77.75480999999999,33.452290000000005,0.0,1733.96,16.36,3,21500547,311,21500547.0,3.0,2.8660050000000004,1733.9,1737.0,202688.0,Brandon Knight,-120.0,218.0,1735.1
1610612748,2736,80.37756999999999,11.64376,0.0,1733.96,16.36,3,21500547,311,21500547.0,3.0,2.8660050000000004,1733.9,1737.0,202688.0,Brandon Knight,-120.0,218.0,1735.1
1610612748,201609,57.43011,21.05684,0.0,1733.96,16.36,3,21500547,311,21500547.0,3.0,2.8660050000000004,1733.9,1737.0,202688.0,Brandon Knight,-120.0,218.0,1735.1
1610612748,202355,73.93994,20.96951,0.0,1733.96,16.36,3,21500547,311,21500547.0,3.0,2.8660050000000004,1733.9,1737.0,202688.0,Brandon Knight,-120.0,218.0,1735.1
-1,-1,92.79755,21.967660000000002,2.58711,1831.49,24.0,3,21500547,331,21500547.0,3.0,2.577876666666667,1831.4,1832.0,1626164.0,Devin Booker,9.0,-5.0,1831.7
1610612756,2199,85.4477,17.17687,0.0,1831.49,24.0,3,21500547,331,21500547.0,3.0,2.577876666666667,1831.4,1832.0,1626164.0,Devin Booker,9.0,-5.0,1831.7
1610612756,200782,83.52847,14.77926,0.0,1831.49,24.0,3,21500547,331,21500547.0,3.0,2.577876666666667,1831.4,1832.0,1626164.0,Devin Booker,9.0,-5.0,1831.7
1610612756,202720,85.72754,27.63508,0.0,1831.49,24.0,3,21500547,331,21500547.0,3.0,2.577876666666667,1831.4,1832.0,1626164.0,Devin Booker,9.0,-5.0,1831.7
1610612756,202688,87.39025,25.6088,0.0,1831.49,24.0,3,21500547,331,21500547.0,3.0,2.577876666666667,1831.4,1832.0,1626164.0,Devin Booker,9.0,-5.0,1831.7
1610612756,1626164,88.70164,24.67884,0.0,1831.49,24.0,3,21500547,331,21500547.0,3.0,2.577876666666667,1831.4,1832.0,1626164.0,Devin Booker,9.0,-5.0,1831.7
1610612748,2548,78.53856999999999,44.8656,0.0,1831.49,24.0,3,21500547,331,21500547.0,3.0,2.577876666666667,1831.4,1832.0,1626164.0,Devin Booker,9.0,-5.0,1831.7
1610612748,2547,87.39025,25.6088,0.0,1831.49,24.0,3,21500547,331,21500547.0,3.0,2.577876666666667,1831.4,1832.0,1626164.0,Devin Booker,9.0,-5.0,1831.7
1610612748,2736,83.59359,28.549570000000003,0.0,1831.49,24.0,3,21500547,331,21500547.0,3.0,2.577876666666667,1831.4,1832.0,1626164.0,Devin Booker,9.0,-5.0,1831.7
1610612748,101123,50.24864,35.86805,0.0,1831.49,24.0,3,21500547,331,21500547.0,3.0,2.577876666666667,1831.4,1832.0,1626164.0,Devin Booker,9.0,-5.0,1831.7
1610612748,201609,94.30894,34.54809,0.0,1831.49,24.0,3,21500547,331,21500547.0,3.0,2.577876666666667,1831.4,1832.0,1626164.0,Devin Booker,9.0,-5.0,1831.7
-1,-1,5.66946,21.660610000000002,9.13151,1910.37,20.43,3,21500547,340,21500547.0,3.0,9.98157,1910.3,1912.0,101123.0,Gerald Green,0.0,1.0,1910.4
1610612756,2199,29.5217,21.43704,0.0,1910.37,20.43,3,21500547,340,21500547.0,3.0,9.98157,1910.3,1912.0,101123.0,Gerald Green,0.0,1.0,1910.4
1610612756,200782,18.03665,32.74653,0.0,1910.37,20.43,3,21500547,340,21500547.0,3.0,9.98157,1910.3,1912.0,101123.0,Gerald Green,0.0,1.0,1910.4
1610612756,202720,43.889340000000004,18.13061,0.0,1910.37,20.43,3,21500547,340,21500547.0,3.0,9.98157,1910.3,1912.0,101123.0,Gerald Green,0.0,1.0,1910.4
1610612756,202688,8.89553,16.70626,0.0,1910.37,20.43,3,21500547,340,21500547.0,3.0,9.98157,1910.3,1912.0,101123.0,Gerald Green,0.0,1.0,1910.4
1610612756,1626164,14.663689999999999,22.72877,0.0,1910.37,20.43,3,21500547,340,21500547.0,3.0,9.98157,1910.3,1912.0,101123.0,Gerald Green,0.0,1.0,1910.4
1610612748,2548,26.62443,28.937309999999997,0.0,1910.37,20.43,3,21500547,340,21500547.0,3.0,9.98157,1910.3,1912.0,101123.0,Gerald Green,0.0,1.0,1910.4
1610612748,2547,72.35533000000001,15.424760000000001,0.0,1910.37,20.43,3,21500547,340,21500547.0,3.0,9.98157,1910.3,1912.0,101123.0,Gerald Green,0.0,1.0,1910.4
1610612748,2736,19.637829999999997,48.17876,0.0,1910.37,20.43,3,21500547,340,21500547.0,3.0,9.98157,1910.3,1912.0,101123.0,Gerald Green,0.0,1.0,1910.4
1610612748,101123,5.47909,21.82434,0.0,1910.37,20.43,3,21500547,340,21500547.0,3.0,9.98157,1910.3,1912.0,101123.0,Gerald Green,0.0,1.0,1910.4
1610612748,201609,17.60449,24.096339999999998,0.0,1910.37,20.43,3,21500547,340,21500547.0,3.0,9.98157,1910.3,1912.0,101123.0,Gerald Green,0.0,1.0,1910.4
-1,-1,8.16751,28.99267,7.86227,2097.46,11.86,3,21500547,366,21500547.0,3.0,7.7516,2097.4,2099.0,2548.0,Dwyane Wade,-50.0,28.0,2098.1
1610612756,200782,9.7009,35.82835,0.0,2097.46,11.86,3,21500547,366,21500547.0,3.0,7.7516,2097.4,2099.0,2548.0,Dwyane Wade,-50.0,28.0,2098.1
1610612756,202688,12.99882,18.13339,0.0,2097.46,11.86,3,21500547,366,21500547.0,3.0,7.7516,2097.4,2099.0,2548.0,Dwyane Wade,-50.0,28.0,2098.1
1610612756,203458,8.14413,26.92213,0.0,2097.46,11.86,3,21500547,366,21500547.0,3.0,7.7516,2097.4,2099.0,2548.0,Dwyane Wade,-50.0,28.0,2098.1
1610612756,203141,6.74642,20.523629999999997,0.0,2097.46,11.86,3,21500547,366,21500547.0,3.0,7.7516,2097.4,2099.0,2548.0,Dwyane Wade,-50.0,28.0,2098.1
1610612756,1626164,14.87694,29.174879999999998,0.0,2097.46,11.86,3,21500547,366,21500547.0,3.0,7.7516,2097.4,2099.0,2548.0,Dwyane Wade,-50.0,28.0,2098.1
1610612748,2548,8.53985,27.647470000000002,0.0,2097.46,11.86,3,21500547,366,21500547.0,3.0,7.7516,2097.4,2099.0,2548.0,Dwyane Wade,-50.0,28.0,2098.1
1610612748,2405,15.027270000000001,30.76453,0.0,2097.46,11.86,3,21500547,366,21500547.0,3.0,7.7516,2097.4,2099.0,2548.0,Dwyane Wade,-50.0,28.0,2098.1
1610612748,2736,5.44614,2.38753,0.0,2097.46,11.86,3,21500547,366,21500547.0,3.0,7.7516,2097.4,2099.0,2548.0,Dwyane Wade,-50.0,28.0,2098.1
1610612748,101123,12.81001,47.74485,0.0,2097.46,11.86,3,21500547,366,21500547.0,3.0,7.7516,2097.4,2099.0,2548.0,Dwyane Wade,-50.0,28.0,2098.1
1610612748,204020,22.2282,7.07758,0.0,2097.46,11.86,3,21500547,366,21500547.0,3.0,7.7516,2097.4,2099.0,2548.0,Dwyane Wade,-50.0,28.0,2098.1
-1,-1,71.58254000000001,12.415610000000001,0.8256399999999999,2131.08,7.73,3,21500547,373,21500547.0,3.0,1.52557,2131.0,2134.0,202688.0,Brandon Knight,-137.0,170.0,2132.4
1610612756,200782,83.94225,48.39281,0.0,2131.08,7.73,3,21500547,373,21500547.0,3.0,1.52557,2131.0,2134.0,202688.0,Brandon Knight,-137.0,170.0,2132.4
1610612756,202688,71.63289,11.6318,0.0,2131.08,7.73,3,21500547,373,21500547.0,3.0,1.52557,2131.0,2134.0,202688.0,Brandon Knight,-137.0,170.0,2132.4
1610612756,203458,74.30249,23.05191,0.0,2131.08,7.73,3,21500547,373,21500547.0,3.0,1.52557,2131.0,2134.0,202688.0,Brandon Knight,-137.0,170.0,2132.4
1610612756,203141,69.58842,44.23268,0.0,2131.08,7.73,3,21500547,373,21500547.0,3.0,1.52557,2131.0,2134.0,202688.0,Brandon Knight,-137.0,170.0,2132.4
1610612756,1626164,91.02587,1.57889,0.0,2131.08,7.73,3,21500547,373,21500547.0,3.0,1.52557,2131.0,2134.0,202688.0,Brandon Knight,-137.0,170.0,2132.4
1610612748,2548,86.52821999999999,37.260740000000006,0.0,2131.08,7.73,3,21500547,373,21500547.0,3.0,1.52557,2131.0,2134.0,202688.0,Brandon Knight,-137.0,170.0,2132.4
1610612748,2405,82.55816999999999,21.1136,0.0,2131.08,7.73,3,21500547,373,21500547.0,3.0,1.52557,2131.0,2134.0,202688.0,Brandon Knight,-137.0,170.0,2132.4
1610612748,2736,74.00591999999999,35.55573,0.0,2131.08,7.73,3,21500547,373,21500547.0,3.0,1.52557,2131.0,2134.0,202688.0,Brandon Knight,-137.0,170.0,2132.4
1610612748,101123,83.40479,9.672939999999999,0.0,2131.08,7.73,3,21500547,373,21500547.0,3.0,1.52557,2131.0,2134.0,202688.0,Brandon Knight,-137.0,170.0,2132.4
1610612748,204020,76.57696999999999,17.287229999999997,0.0,2131.08,7.73,3,21500547,373,21500547.0,3.0,1.52557,2131.0,2134.0,202688.0,Brandon Knight,-137.0,170.0,2132.4
-1,-1,89.92178,23.18025,5.59098,2247.89,6.65,4,21500547,392,21500547.0,4.0,5.365316666666668,2247.8,2251.0,203458.0,Alex Len,-1.0,46.0,2248.1
1610612756,202688,80.39317,2.06757,0.0,2247.89,6.65,4,21500547,392,21500547.0,4.0,5.365316666666668,2247.8,2251.0,203458.0,Alex Len,-1.0,46.0,2248.1
1610612756,203458,87.99842,29.917720000000003,0.0,2247.89,6.65,4,21500547,392,21500547.0,4.0,5.365316666666668,2247.8,2251.0,203458.0,Alex Len,-1.0,46.0,2248.1
1610612756,203141,87.8085,18.3299,0.0,2247.89,6.65,4,21500547,392,21500547.0,4.0,5.365316666666668,2247.8,2251.0,203458.0,Alex Len,-1.0,46.0,2248.1
1610612756,203933,86.34791,20.42635,0.0,2247.89,6.65,4,21500547,392,21500547.0,4.0,5.365316666666668,2247.8,2251.0,203458.0,Alex Len,-1.0,46.0,2248.1
1610612756,1626164,64.96134,35.3771,0.0,2247.89,6.65,4,21500547,392,21500547.0,4.0,5.365316666666668,2247.8,2251.0,203458.0,Alex Len,-1.0,46.0,2248.1
1610612748,2548,71.74339,30.447029999999998,0.0,2247.89,6.65,4,21500547,392,21500547.0,4.0,5.365316666666668,2247.8,2251.0,203458.0,Alex Len,-1.0,46.0,2248.1
1610612748,2405,90.28125,26.42209,0.0,2247.89,6.65,4,21500547,392,21500547.0,4.0,5.365316666666668,2247.8,2251.0,203458.0,Alex Len,-1.0,46.0,2248.1
1610612748,101123,79.13202,15.115160000000001,0.0,2247.89,6.65,4,21500547,392,21500547.0,4.0,5.365316666666668,2247.8,2251.0,203458.0,Alex Len,-1.0,46.0,2248.1
1610612748,204020,86.61518000000001,20.07295,0.0,2247.89,6.65,4,21500547,392,21500547.0,4.0,5.365316666666668,2247.8,2251.0,203458.0,Alex Len,-1.0,46.0,2248.1
1610612748,1626159,88.20425999999999,29.93577,0.0,2247.89,6.65,4,21500547,392,21500547.0,4.0,5.365316666666668,2247.8,2251.0,203458.0,Alex Len,-1.0,46.0,2248.1
-1,-1,84.59915,21.94225,6.42617,2445.66,0.9,4,21500547,429,21500547.0,4.0,6.3204400000000005,2445.6,2448.0,203933.0,TJ Warren,-11.0,0.0,2446.3
1610612756,200782,61.45196,14.50935,0.0,2445.66,0.9,4,21500547,429,21500547.0,4.0,6.3204400000000005,2445.6,2448.0,203933.0,TJ Warren,-11.0,0.0,2446.3
1610612756,203141,83.30659,1.8106400000000002,0.0,2445.66,0.9,4,21500547,429,21500547.0,4.0,6.3204400000000005,2445.6,2448.0,203933.0,TJ Warren,-11.0,0.0,2446.3
1610612756,203933,84.07408000000001,23.95335,0.0,2445.66,0.9,4,21500547,429,21500547.0,4.0,6.3204400000000005,2445.6,2448.0,203933.0,TJ Warren,-11.0,0.0,2446.3
1610612756,203462,94.45123000000001,19.3856,0.0,2445.66,0.9,4,21500547,429,21500547.0,4.0,6.3204400000000005,2445.6,2448.0,203933.0,TJ Warren,-11.0,0.0,2446.3
1610612756,1626164,89.10399,47.31755,0.0,2445.66,0.9,4,21500547,429,21500547.0,4.0,6.3204400000000005,2445.6,2448.0,203933.0,TJ Warren,-11.0,0.0,2446.3
1610612748,2547,84.67796,17.21112,0.0,2445.66,0.9,4,21500547,429,21500547.0,4.0,6.3204400000000005,2445.6,2448.0,203933.0,TJ Warren,-11.0,0.0,2446.3
1610612748,101123,76.9228,20.53077,0.0,2445.66,0.9,4,21500547,429,21500547.0,4.0,6.3204400000000005,2445.6,2448.0,203933.0,TJ Warren,-11.0,0.0,2446.3
1610612748,201609,86.92116,36.7808,0.0,2445.66,0.9,4,21500547,429,21500547.0,4.0,6.3204400000000005,2445.6,2448.0,203933.0,TJ Warren,-11.0,0.0,2446.3
1610612748,204020,91.54071,22.346629999999998,0.0,2445.66,0.9,4,21500547,429,21500547.0,4.0,6.3204400000000005,2445.6,2448.0,203933.0,TJ Warren,-11.0,0.0,2446.3
1610612748,1626159,84.44078,27.554000000000002,0.0,2445.66,0.9,4,21500547,429,21500547.0,4.0,6.3204400000000005,2445.6,2448.0,203933.0,TJ Warren,-11.0,0.0,2446.3
-1,-1,7.77009,26.087329999999998,6.53905,2522.9700000000003,3.73,4,21500547,446,21500547.0,4.0,6.24766,2522.9,2526.0,201609.0,Goran Dragic,-11.0,2.0,2523.6
1610612756,200782,21.21949,29.85882,0.0,2522.9700000000003,3.73,4,21500547,446,21500547.0,4.0,6.24766,2522.9,2526.0,201609.0,Goran Dragic,-11.0,2.0,2523.6
1610612756,202688,9.28524,34.85802,0.0,2522.9700000000003,3.73,4,21500547,446,21500547.0,4.0,6.24766,2522.9,2526.0,201609.0,Goran Dragic,-11.0,2.0,2523.6
1610612756,203141,9.850810000000001,25.23854,0.0,2522.9700000000003,3.73,4,21500547,446,21500547.0,4.0,6.24766,2522.9,2526.0,201609.0,Goran Dragic,-11.0,2.0,2523.6
1610612756,203462,15.609010000000001,16.198610000000002,0.0,2522.9700000000003,3.73,4,21500547,446,21500547.0,4.0,6.24766,2522.9,2526.0,201609.0,Goran Dragic,-11.0,2.0,2523.6
1610612756,1626164,7.7201,17.057660000000002,0.0,2522.9700000000003,3.73,4,21500547,446,21500547.0,4.0,6.24766,2522.9,2526.0,201609.0,Goran Dragic,-11.0,2.0,2523.6
1610612748,2547,28.751009999999997,30.68614,0.0,2522.9700000000003,3.73,4,21500547,446,21500547.0,4.0,6.24766,2522.9,2526.0,201609.0,Goran Dragic,-11.0,2.0,2523.6
1610612748,101123,22.67197,6.4646099999999995,0.0,2522.9700000000003,3.73,4,21500547,446,21500547.0,4.0,6.24766,2522.9,2526.0,201609.0,Goran Dragic,-11.0,2.0,2523.6
1610612748,201609,9.93671,25.33142,0.0,2522.9700000000003,3.73,4,21500547,446,21500547.0,4.0,6.24766,2522.9,2526.0,201609.0,Goran Dragic,-11.0,2.0,2523.6
1610612748,204020,7.3849,2.013,0.0,2522.9700000000003,3.73,4,21500547,446,21500547.0,4.0,6.24766,2522.9,2526.0,201609.0,Goran Dragic,-11.0,2.0,2523.6
1610612748,1626159,10.70372,46.7121,0.0,2522.9700000000003,3.73,4,21500547,446,21500547.0,4.0,6.24766,2522.9,2526.0,201609.0,Goran Dragic,-11.0,2.0,2523.6
-1,-1,89.12819,24.40171,10.80061,2669.96,1.43,4,21500547,468,21500547.0,4.0,10.611044999999999,2669.9,2672.0,200782.0,PJ Tucker,235.0,31.0,2670.4
1610612756,2199,83.74965999999999,20.53947,0.0,2669.96,1.43,4,21500547,468,21500547.0,4.0,10.611044999999999,2669.9,2672.0,200782.0,PJ Tucker,235.0,31.0,2670.4
1610612756,200782,83.99734000000001,49.98789,0.0,2669.96,1.43,4,21500547,468,21500547.0,4.0,10.611044999999999,2669.9,2672.0,200782.0,PJ Tucker,235.0,31.0,2670.4
1610612756,202688,71.37725,37.47704,0.0,2669.96,1.43,4,21500547,468,21500547.0,4.0,10.611044999999999,2669.9,2672.0,200782.0,PJ Tucker,235.0,31.0,2670.4
1610612756,203141,86.60181999999999,25.877879999999998,0.0,2669.96,1.43,4,21500547,468,21500547.0,4.0,10.611044999999999,2669.9,2672.0,200782.0,PJ Tucker,235.0,31.0,2670.4
1610612756,1626164,63.1387,38.33937,0.0,2669.96,1.43,4,21500547,468,21500547.0,4.0,10.611044999999999,2669.9,2672.0,200782.0,PJ Tucker,235.0,31.0,2670.4
1610612748,2548,86.54722,23.78651,0.0,2669.96,1.43,4,21500547,468,21500547.0,4.0,10.611044999999999,2669.9,2672.0,200782.0,PJ Tucker,235.0,31.0,2670.4
1610612748,2547,87.07726,18.97135,0.0,2669.96,1.43,4,21500547,468,21500547.0,4.0,10.611044999999999,2669.9,2672.0,200782.0,PJ Tucker,235.0,31.0,2670.4
1610612748,101123,84.07675,50.003659999999996,0.0,2669.96,1.43,4,21500547,468,21500547.0,4.0,10.611044999999999,2669.9,2672.0,200782.0,PJ Tucker,235.0,31.0,2670.4
1610612748,201609,70.83164000000001,31.52552,0.0,2669.96,1.43,4,21500547,468,21500547.0,4.0,10.611044999999999,2669.9,2672.0,200782.0,PJ Tucker,235.0,31.0,2670.4
1610612748,1626159,84.42339,30.77187,0.0,2669.96,1.43,4,21500547,468,21500547.0,4.0,10.611044999999999,2669.9,2672.0,200782.0,PJ Tucker,235.0,31.0,2670.4
-1,-1,73.22891,6.576289999999999,2.2686599999999997,2779.48,8.58,4,21500547,481,21500547.0,4.0,2.259596666666667,2779.4,2782.0,202688.0,Brandon Knight,-219.0,124.0,2780.7
1610612756,2199,85.84241,28.414790000000004,0.0,2779.48,8.58,4,21500547,481,21500547.0,4.0,2.259596666666667,2779.4,2782.0,202688.0,Brandon Knight,-219.0,124.0,2780.7
1610612756,200782,88.31781,45.233579999999996,0.0,2779.48,8.58,4,21500547,481,21500547.0,4.0,2.259596666666667,2779.4,2782.0,202688.0,Brandon Knight,-219.0,124.0,2780.7
1610612756,202688,71.87033000000001,6.8532399999999996,0.0,2779.48,8.58,4,21500547,481,21500547.0,4.0,2.259596666666667,2779.4,2782.0,202688.0,Brandon Knight,-219.0,124.0,2780.7
1610612756,203141,80.82008,40.80303,0.0,2779.48,8.58,4,21500547,481,21500547.0,4.0,2.259596666666667,2779.4,2782.0,202688.0,Brandon Knight,-219.0,124.0,2780.7
1610612756,1626164,61.49551999999999,37.79396,0.0,2779.48,8.58,4,21500547,481,21500547.0,4.0,2.259596666666667,2779.4,2782.0,202688.0,Brandon Knight,-219.0,124.0,2780.7
1610612748,2548,81.03492,36.56069,0.0,2779.48,8.58,4,21500547,481,21500547.0,4.0,2.259596666666667,2779.4,2782.0,202688.0,Brandon Knight,-219.0,124.0,2780.7
1610612748,2547,83.79618,22.241979999999998,0.0,2779.48,8.58,4,21500547,481,21500547.0,4.0,2.259596666666667,2779.4,2782.0,202688.0,Brandon Knight,-219.0,124.0,2780.7
1610612748,101123,88.30974,38.35103,0.0,2779.48,8.58,4,21500547,481,21500547.0,4.0,2.259596666666667,2779.4,2782.0,202688.0,Brandon Knight,-219.0,124.0,2780.7
1610612748,201609,69.62611,33.912890000000004,0.0,2779.48,8.58,4,21500547,481,21500547.0,4.0,2.259596666666667,2779.4,2782.0,202688.0,Brandon Knight,-219.0,124.0,2780.7
1610612748,1626159,72.76673000000001,10.84966,0.0,2779.48,8.58,4,21500547,481,21500547.0,4.0,2.259596666666667,2779.4,2782.0,202688.0,Brandon Knight,-219.0,124.0,2780.7
